{"cameraMode":{"drawMode":0,"name":"Shaded","section":"Shading Mode"},"sceneLighting":true,"audioPlay":false,"sceneViewState":{"showFog":true,"showMaterialUpdate":true,"showSkybox":true,"showFlares":true,"showImageEffects":true,"showParticleSystems":true},"in2DMode":false,"pivot":{"x":-81.9072265625,"y":34.843360900878909,"z":24.876754760742189},"rotation":{"x":-0.07252774387598038,"y":0.022436240687966348,"z":-0.0016318312846124173,"w":-0.9971126914024353},"size":187.07640075683595,"orthographic":false}