{"cameraMode":{"drawMode":0,"name":"Shaded","section":"Shading Mode"},"sceneLighting":true,"audioPlay":false,"sceneViewState":{"showFog":true,"showMaterialUpdate":true,"showSkybox":true,"showFlares":true,"showImageEffects":true,"showParticleSystems":true},"in2DMode":false,"pivot":{"x":553.8369140625,"y":330.87939453125,"z":48.122650146484378},"rotation":{"x":-0.07252774387598038,"y":0.022436240687966348,"z":-0.0016318312846124173,"w":-0.9971126914024353},"size":919.8465576171875,"orthographic":false}