{"cameraMode":{"drawMode":0,"name":"Shaded","section":"Shading Mode"},"sceneLighting":true,"audioPlay":false,"sceneViewState":{"showFog":true,"showMaterialUpdate":true,"showSkybox":true,"showFlares":true,"showImageEffects":true,"showParticleSystems":true},"in2DMode":false,"pivot":{"x":-0.125,"y":-4.519998550415039,"z":0.8800000548362732},"rotation":{"x":-0.016756143420934678,"y":-0.43489283323287966,"z":0.008094371296465397,"w":-0.9002899527549744},"size":284.2303466796875,"orthographic":false}