{"cameraMode":{"drawMode":0,"name":"Shaded","section":"Shading Mode"},"sceneLighting":true,"audioPlay":false,"sceneViewState":{"showFog":true,"showMaterialUpdate":true,"showSkybox":true,"showFlares":true,"showImageEffects":true,"showParticleSystems":true},"in2DMode":false,"pivot":{"x":12.148028373718262,"y":-8.845680236816407,"z":-34.064697265625},"rotation":{"x":0.0016186009161174298,"y":0.9664196968078613,"z":-0.2568915784358978,"w":0.006089169532060623},"size":146.47064208984376,"orthographic":false}