{"cameraMode":{"drawMode":0,"name":"Shaded","section":"Shading Mode"},"sceneLighting":true,"audioPlay":false,"sceneViewState":{"showFog":true,"showMaterialUpdate":true,"showSkybox":true,"showFlares":true,"showImageEffects":true,"showParticleSystems":true},"in2DMode":false,"pivot":{"x":9.173842430114746,"y":-0.15119171142578126,"z":-25.25421142578125},"rotation":{"x":0.0014890858437865973,"y":0.9903926849365234,"z":-0.13786113262176515,"w":0.01069759950041771},"size":121.33304595947266,"orthographic":false}